Workbook

Sheet 00_Petunjuk
A1: REVISI — KOMPOSTER SATU MOTOR
A2: Template capstone: hopper/pencacah di atas, pengaduk + larutan di bawah. Semua angka awal dapat diubah.
A4: Urut | B4: Tab / topik | C4: Cara memakai / batasan
A5: 1 | B5: 01_Input | C5: Revisi satu motor bersama, pemasukan daun bertahap. Kapasitas hanya berdasarkan mixer Ø40 × 50 cm dengan fraksi isi 50% sebagai contoh. Volume hopper tidak dipakai.
A6: 2 | B6: 02_Volume | C6: Menghitung volume geometris, volume kerja, densitas dan massa batch. Densitas harus sesuai daun utuh/cacah yang benar-benar masuk pengaduk.
A7: 3 | B7: 03_Proses | C7: Waktu muat/cacah dikurangi overlap; waktu campur adalah tambahan setelah pencacahan; kapasitas mekanis; neraca air basis basah. Dosis EM4 sengaja kosong sampai ada dasar label produk.
A8: 4 | B8: 04_Transmisi | C8: Satu motor 0,5 hp dibagi dua cabang. Daya pencacah dan torsi mixer kosong sampai ada data. Putaran mixer contoh 28 rpm bukan validasi beban.
A9: 5 | B9: 05_RAB | C9: Harga awal 14 item berasal dari screenshot pengguna. Tambahan belum diberi harga. Jumlah 0 berarti tidak dipakai; harga kosong berarti belum diketahui.
A10: 6 | B10: 06_Ringkasan | C10: Lihat hasil utama dan kebutuhan yang belum lengkap. Angka biaya adalah subtotal sementara, bukan anggaran final.
A11: ! | B11: Warna | C11: Kuning/biru = input pengguna; hijau = formula otomatis; jingga = batasan/perhatian. Sel formula tidak dikunci agar dapat diaudit; hindari menimpanya.
A12: ! | B12: Hitung ulang | C12: Rumus disimpan sebagai formula Excel dengan nilai awal cache. Aktifkan Automatic Calculation di Excel. Setelah input diubah, Excel/LibreOffice perlu menghitung ulang; viewer pratinjau mungkin tidak memperbarui hasil.
A13: ! | B13: Batas mekanis | C13: Tidak menghitung kekuatan poros/pisau, panjang belt, kapasitas bearing, starting/jam, ketebalan dinding, maupun struktur. Gunakan gambar kerja, analisis beban dan data katalog sebelum fabrikasi.
A14: ! | B14: Batas biologis | C14: Pencacahan/pencampuran bukan pematangan kompos. Waktu fermentasi, aerasi, suhu, kelembapan, C/N dan kebutuhan sumber nitrogen belum dimodelkan.
A15: ! | B15: Contoh pengujian | C15: Timbang wadah kosong dan isi volume tertentu tanpa pemadatan; lakukan beberapa ulangan. Uji kembali setelah pencacahan. Masukkan angka representatif dan catat variasinya.
... A17: ! | B17: Catatan desain | C17: Penambahan cairan menaikkan massa; volume campuran akhir tidak selalu sama dengan volume awal. Uji ruang bebas pengaduk setelah dibasahi sebelum menambah kapasitas.
A20: ARSITEKTUR: motor → dua cabang. Cabang pencacah memiliki rasio sendiri; cabang mixer melalui reducer. Keduanya berputar selama motor hidup. Pada tahap campur, pencacah tetap berputar tanpa bahan dan tetap menyerap daya. Pemberian EM4 masih manual/gravitasi; timer/dosing otomatis belum dirancang.

Sheet 01_Input
A1: INPUT DESAIN & PENGUJIAN
A2: Ubah sel kuning. Angka awal adalah contoh desain, bukan ukuran final atau rekomendasi dosis. Input kosong berarti belum tersedia.
A4: No | B4: Variabel | C4: Nilai input | D4: Satuan | E4: Dasar / cara mengisi
A5: 1 | B5: Diameter dalam pengaduk | C5: 40 | D5: cm | E5: Contoh tabung silinder horizontal; abaikan ruang yang diambil poros/paddle pada estimasi awal.
A6: 2 | B6: Panjang dalam pengaduk | C6: 50 | D6: cm | E6: Ukuran efektif bagian silinder; bukan panjang keseluruhan mesin.
A7: 3 | B7: Fraksi pengisian kerja | C7: 0.5 | D7: fraksi | E7: 50% volume geometris sebagai titik awal; perlu uji gerak bahan.
A8: 4 | B8: Volume wadah uji densitas | C8: 10 | D8: liter | E8: Wajib memakai HASIL CACAHAN untuk menghitung massa batch mixer; angka awal hanya contoh.
A9: 5 | B9: Massa wadah kosong | C9: 0.3 | D9: kg | E9: Timbang dengan timbangan; angka awal contoh.
A10: 6 | B10: Massa wadah + daun | C10: 0.8 | D10: kg | E10: Angka awal contoh: massa daun bersih 0,5 kg per 10 liter.
A11: 7 | B11: Waktu muat per batch | C11: 3 | D11: menit | E11: Contoh; ganti dari pengamatan. Jangan hitung waktu yang sama dua kali.
A12: 8 | B12: Waktu pencacahan per batch | C12: 5 | D12: menit | E12: Contoh, bukan kapasitas pencacah yang sudah terverifikasi.
A13: 9 | B13: Waktu campur SETELAH cacah selesai | C13: 10 | D13: menit | E13: Durasi tambahan untuk pemberian cairan/pencampuran; pengaduk juga berputar selama pencacahan.
A14: 10 | B14: Waktu bongkar dan bersihkan | C14: 5 | D14: menit | E14: Dilakukan setelah motor mati dan aman; bukan durasi yang tumpang tindih dengan pencacahan.
A15: 11 | B15: Jam kerja tersedia per hari | C15: 4 | D15: jam/hari | E15: Untuk kapasitas pengolahan mekanis, bukan produksi kompos matang.
A16: 12 | B16: Faktor utilisasi waktu | C16: 0.75 | D16: fraksi | E16: Mengurangi waktu tersedia akibat jeda dan gangguan; jangan dihitung lagi pada waktu batch.
... A19: 15 | B19: Densitas cairan tambahan | C19: 1 | D19: kg/liter | E19: Pendekatan untuk cairan berbasis air.
A20: 16 | B20: Dosis EM4 dalam cairan akhir | D20: mL/liter | E20: Isi sesuai petunjuk produk dan rancangan proses; tidak ada dosis baku yang diasumsikan.
A21: 17 | B21: Volume nominal tangki cairan | C21: 5 | D21: liter | E21: Contoh; tambahkan ruang bebas pada desain tangki aktual.
A22: 18 | B22: Putaran motor bersama | C22: 1400 | D22: rpm | E22: Satu motor membagi daya ke pencacah dan pengaduk. Putaran nominal dari pengguna.
A23: 19 | B23: Daya poros nominal motor bersama | C23: 0.37285 | D23: kW | E23: 0,5 hp × 0,7457 kW/hp. Periksa satuan hp/PS dan nameplate motor; bukan daya listrik masuk.
A24: 20 | B24: Rasio reduksi gearbox | C24: 50 | D24: i = n masuk/n keluar | E24: Contoh 50:1. Pilih sesuai rpm dan kapasitas torsi katalog.
A25: 21 | B25: Diameter efektif pulley penggerak | C25: 100 | D25: mm | E25: Asumsi belt tanpa slip. Jika sambungan langsung, gunakan diameter sama.
A26: 22 | B26: Diameter efektif pulley digerakkan | C26: 100 | D26: mm | E26: Untuk transmisi pengaduk; belum menghitung panjang/jumlah V-belt.
A27: 23 | B27: Efisiensi gearbox | C27: 0.7 | D27: fraksi | E27: Asumsi contoh, ganti data katalog pada rasio/beban terpilih.
A28: 24 | B28: Efisiensi transmisi belt | C28: 0.95 | D28: fraksi | E28: Asumsi contoh; bukan service factor.
A29: 25 | B29: Batas bawah putaran pengaduk | C29: 20 | D29: rpm | E29: Rentang uji contoh; belum menjadi spesifikasi tervalidasi.
A30: 26 | B30: Batas atas putaran pengaduk | C30: 40 | D30: rpm | E30: Rentang uji contoh; sesuaikan geometri dan kemampuan mengaduk.
A31: 27 | B31: Torsi kerja hasil uji/perhitungan | D31: N·m | E31: Isi dari pengujian atau analisis beban. Jangan diisi dengan torsi nominal motor.
A32: 28 | B32: Faktor kebutuhan torsi | C32: 1.5 | D32: kali | E32: Contoh faktor untuk screening; starting/jam tetap memerlukan pemeriksaan terpisah.
A33: 29 | B33: Cadangan biaya | C33: 0.15 | D33: fraksi | E33: 15% dari subtotal yang terisi; tidak menggantikan harga komponen yang masih kosong.
A34: 30 | B34: Tumpang tindih waktu muat–cacah | C34: 3 | D34: menit | E34: Contoh 3 menit; tidak boleh melebihi MIN(waktu muat, waktu cacah).
A35: 31 | B35: Kebutuhan daya poros pencacah | D35: kW | E35: Isi dari uji/analisis pada kondisi berbeban. Bukan rating motor dan bukan angka rekaan.
A36: 32 | B36: Efisiensi cabang pencacah | C36: 0.95 | D36: fraksi | E36: Asumsi V-belt; ganti sesuai transmisi. Tidak termasuk rugi cabang pengaduk.
A37: 33 | B37: Pulley penggerak cabang pencacah | D37: mm | E37: Dari motor/poros pembagi berputar sama dengan motor. Kosong sampai mekanisme pisau dirancang.
A38: 34 | B38: Pulley digerakkan pencacah | D38: mm | E38: Untuk belt; bila rantai gunakan rasio jumlah gigi dan analisis terpisah.
A39: 35 | B39: Batas anggaran proyek | C39: 2500000 | D39: rupiah | E39: Dana total dari pengguna. Harga item tambahan belum tersedia.

Sheet 02_Volume
A1: GEOMETRI & KAPASITAS BATCH
A2: Hopper menjadi saluran pemasukan; kapasitas batch berdasarkan pengaduk silinder. Volume kerja diestimasi dari fraksi pengisian; belum mengurangi volume paddle/poros.
A4: Variabel hasil | B4: Hasil otomatis | C4: Satuan | D4: Persamaan | E4: Interpretasi / batasan
A5: Volume geometris pengaduk | B5: =IFERROR(PI()/4*('01_Input'!C5/100)^2*('01_Input'!C6/100)*1000,"") -> 62.831853 | C5: liter | D5: πD²L/4; m³ × 1000 → liter | E5: Untuk silinder; bukan volume luar mesin.
A6: Volume kerja per batch | B6: ='02_Volume'!B5*'01_Input'!C7 -> 31.415927 | C6: liter | D6: V kerja = V geometris × fraksi isi | E6: Perlu uji apakah pengaduk mampu membalik bahan.
A7: Ruang bebas nominal | B7: ='02_Volume'!B5-'02_Volume'!B6 -> 31.415927 | C7: liter | D7: V bebas = V geometris − V kerja | E7: Belum memperhitungkan poros dan paddle.
A9: Massa daun bersih wadah | B9: ='01_Input'!C10-'01_Input'!C9 -> 0.5 | C9: kg | D9: m daun = m isi − m wadah | E9: Massa isi harus lebih besar daripada wadah kosong.
A10: Densitas curah daun | B10: =IFERROR(IF('02_Volume'!B9>0,'02_Volume'!B9/('01_Input'!C8/1000),""),"") -> 50 | C10: kg/m³ | D10: ρ = m daun / V wadah | E10: Jangan mencampur densitas daun utuh dan daun cacah.
A11: Estimasi massa bahan per batch | B11: =IFERROR(IF(ISNUMBER('02_Volume'!B10),'02_Volume'!B6/1000*'02_Volume'!B10,""),"") -> 1.5707963 | C11: kg/batch | D11: m batch = ρ × V kerja | E11: Massa awal sebelum penambahan cairan; belum menjamin kemampuan motor.
A13: Pemeriksaan input pengaduk | B13: =IF(AND('01_Input'!C5>0,'01_Input'!C6>0,'01_Input'!C8>0,'01_Input'!C10>'01_Input'!C9,'01_Input'!C7>0),"INPUT DASAR OK","PERIKSA UKURAN / TIMBANGAN") -> INPUT DASAR OK | C13: status | D13: Hopper tidak menentukan kapasitas | E13: OK bukan validasi kemampuan mesin.

Sheet 03_Proses
A1: WAKTU, CAIRAN & KAPASITAS MEKANIS
A2: Bukan waktu menjadi kompos matang. Model cairan hanya untuk daun + cairan berbasis air, tanpa tambahan padatan lain atau kehilangan massa.
A4: Variabel hasil | B4: Hasil otomatis | C4: Satuan | D4: Persamaan | E4: Interpretasi / batasan
A5: Waktu total per batch | B5: =IF(AND('01_Input'!C34>=0,'01_Input'!C34<=MIN('01_Input'!C11,'01_Input'!C12),'01_Input'!C11+'01_Input'!C12-'01_Input'!C34+'01_Input'!C13+'01_Input'!C14>0),'01_Input'!C11+'01_Input'!C12-'01_Input'!C34+'01_Input'!C13+'01_Input'!C14,"") -> 20 | C5: menit/batch | D5: Muat + cacah − overlap + campur tambahan + bongkar | E5: Jika overlap di luar 0 sampai MIN(muat,cacah), hasil dikosongkan. Semua waktu masih contoh.
A6: Laju pengolahan saat beroperasi | B6: =IFERROR('02_Volume'!B11*60/'03_Proses'!B5,"") -> 4.712389 | C6: kg bahan awal/jam | D6: m batch × 60 / waktu batch | E6: Belum faktor utilisasi; bukan produksi kompos matang.
A7: Waktu efektif tersedia per hari | B7: ='01_Input'!C15*60*'01_Input'!C16 -> 180 | C7: menit/hari | D7: Jam tersedia × 60 × utilisasi | E7: Faktor utilisasi tidak dihitung ulang pada durasi batch.
A8: Batch utuh per hari | B8: =IFERROR(ROUNDDOWN('03_Proses'!B7/'03_Proses'!B5,0),"") -> 9 | C8: batch/hari | D8: Bulatkan ke bawah waktu efektif / waktu batch | E8: Untuk batch utuh; sisa waktu tidak dihitung sebagai satu batch.
A9: Kapasitas harian batch utuh | B9: =IFERROR('03_Proses'!B8*'02_Volume'!B11,"") -> 14.137167 | C9: kg bahan awal/hari | D9: Jumlah batch utuh × massa awal per batch | E9: Bukan massa produk kompos jadi.
A10: Estimasi cairan untuk target kadar air | B10: =IFERROR(IF(AND('01_Input'!C18>='01_Input'!C17,'01_Input'!C18<1,'01_Input'!C19>0),'02_Volume'!B11*('01_Input'!C18-'01_Input'!C17)/(1-'01_Input'!C18),""),"") -> 1.5707963 | C10: kg/batch | D10: m tambahan = m awal × (Xt − Xi)/(1 − Xt) | E10: Xi dan Xt basis basah. Cairan diasumsikan seluruhnya air; EM4 belum mengubah neraca ini secara berarti.
A11: Volume cairan akhir tambahan | B11: =IFERROR(IF(ISNUMBER('03_Proses'!B10),'03_Proses'!B10/'01_Input'!C19,""),"") -> 1.5707963 | C11: liter/batch | D11: V cairan = massa cairan / densitas | E11: Masukkan bertahap; verifikasi tidak ada cairan bebas. Tidak menghitung perubahan volume bulk campuran.
A12: EM4 sesuai dosis yang diinput | B12: =IFERROR(IF(AND(ISNUMBER('01_Input'!C20),ISNUMBER('03_Proses'!B11)),'01_Input'!C20*'03_Proses'!B11,""),"") | C12: mL/batch | D12: EM4 = dosis [mL/L cairan akhir] × V akhir | E12: Kosong sampai dosis diisi sesuai petunjuk produk. EM4 termasuk volume cairan akhir, bukan ditambahkan dua kali.
A13: Estimasi massa setelah pembasahan | B13: =IFERROR(IF(ISNUMBER('03_Proses'!B10),'02_Volume'!B11+'03_Proses'!B10,""),"") -> 3.1415927 | C13: kg/batch | D13: m basah akhir = m awal + m cairan | E13: Periksa kembali kemampuan pengadukan setelah bahan dibasahi.
A14: Setara batch per tangki cairan | B14: =IFERROR('01_Input'!C21/'03_Proses'!B11,"") -> 3.1830989 | C14: batch/tangki | D14: V tangki nominal / V cairan per batch | E14: Belum mengurangi ruang bebas tangki; jangan dibaca sebagai kapasitas pompa.
A15: Status kadar air / dosis | B15: =IF('01_Input'!C18<'01_Input'!C17,"TARGET LEBIH KERING: bukan tambah air",IF('01_Input'!C19<=0,"PERIKSA DENSITAS CAIRAN",IF(ISNUMBER('01_Input'!C20),"DOSIS TERISI: verifikasi label produk","DOSIS EM4 BELUM DIISI"))) -> DOSIS EM4 BELUM DIISI | C15: status | D15: Validasi target dan kelengkapan dosis | E15: Tidak membuktikan proses biologis atau dosis yang benar.
A17: Status overlap muat–cacah | B17: =IF(AND('01_Input'!C34>=0,'01_Input'!C34<=MIN('01_Input'!C11,'01_Input'!C12)),"OVERLAP VALID SECARA ANGKA","PERIKSA WAKTU OVERLAP") -> OVERLAP VALID SECARA ANGKA | C17: status | D17: 0 ≤ overlap ≤ MIN(muat,cacah) | E17: Waktu contoh bukan hasil pengujian.

Sheet 04_Transmisi
A1: SATU MOTOR — DUA CABANG TRANSMISI
A2: Pencacah lewat cabang tersendiri; pengaduk melalui reducer. Daya motor dibagi sesuai beban, bukan masing-masing mendapat 0,5 hp. Semua efisiensi masih asumsi.
A4: Variabel hasil | B4: Hasil otomatis | C4: Satuan | D4: Persamaan | E4: Interpretasi / batasan
A5: Putaran pengaduk | B5: =IFERROR('01_Input'!C22/'01_Input'!C24*'01_Input'!C25/'01_Input'!C26,"") -> 28 | C5: rpm | D5: n motor / i reducer × D penggerak / D digerakkan | E5: Cabang pengaduk langsung dari motor/poros pembagi dengan rpm sama motor; belt tanpa slip.
A6: Putaran pencacah | B6: =IFERROR(IF(AND(ISNUMBER('01_Input'!C37),ISNUMBER('01_Input'!C38),'01_Input'!C37>0,'01_Input'!C38>0),'01_Input'!C22*'01_Input'!C37/'01_Input'!C38,""),"") | C6: rpm | D6: n motor × D penggerak / D digerakkan | E6: Kosong: ukuran pulley dan putaran target pisau belum ditentukan. Tidak otomatis memakai 1400 rpm.
A7: Torsi nominal poros motor bersama | B7: =IFERROR('01_Input'!C23*1000/(2*PI()*'01_Input'!C22/60),"") -> 2.5431823 | C7: N·m | D7: P motor / ω motor | E7: Belum merupakan torsi start dan bukan torsi pada kedua poros sekaligus.
A8: Daya motor yang diperlukan cabang pencacah | B8: =IFERROR(IF(AND(ISNUMBER('01_Input'!C35),'01_Input'!C35>=0,'01_Input'!C36>0,'01_Input'!C36<=1),'01_Input'!C35/'01_Input'!C36,""),"") | C8: kW | D8: P poros pencacah / η cabang pencacah | E8: Termasuk rugi cabang pencacah. Input P pencacah kosong berarti belum diketahui, bukan nol.
A9: Sisa anggaran daya motor untuk mixer | B9: =IF(ISNUMBER('04_Transmisi'!B8),'01_Input'!C23-'04_Transmisi'!B8,"") | C9: kW | D9: P motor − P masuk cabang pencacah | E9: Ini batas kapasitas nominal yang tersisa, bukan daya nyata yang selalu dikeluarkan motor. Nilai negatif berarti tidak cukup.
A10: Batas daya poros mixer saat cacah berbeban | B10: =IFERROR(IF(AND(ISNUMBER('04_Transmisi'!B9),'04_Transmisi'!B9>=0,'01_Input'!C27>0,'01_Input'!C27<=1,'01_Input'!C28>0,'01_Input'!C28<=1),'04_Transmisi'!B9*'01_Input'!C27*'01_Input'!C28,""),"") | C10: kW | D10: Sisa daya motor × η gearbox × η belt mixer | E10: Tidak mengalokasikan seluruh daya motor ke mixer. Kapasitas aktual dapat dibatasi rating komponen.
A11: Batas torsi mixer saat cacah berbeban | B11: =IFERROR(IF(ISNUMBER('04_Transmisi'!B10),'04_Transmisi'!B10*1000/(2*PI()*'04_Transmisi'!B5/60),""),"") | C11: N·m | D11: Batas daya mixer / ω mixer | E11: Kosong sampai kebutuhan daya pencacah diisi; bukan jaminan torsi start atau bebas macet.
A12: Torsi kebutuhan mixer dengan faktor | B12: =IF(AND(ISNUMBER('01_Input'!C31),'01_Input'!C31>0,'01_Input'!C32>=1),'01_Input'!C31*'01_Input'!C32,"") | C12: N·m | D12: T kerja mixer × faktor kebutuhan | E12: Isi torsi pengaduk dari pengujian/analisis; faktor contoh 1,5.
A13: Daya motor yang diperlukan cabang mixer | B13: =IFERROR(IF(ISNUMBER('04_Transmisi'!B12),'04_Transmisi'!B12*(2*PI()*'04_Transmisi'!B5/60)/1000/('01_Input'!C27*'01_Input'!C28),""),"") | C13: kW | D13: T kebutuhan × ω mixer / (1000 × η gearbox × η belt) | E13: Periksa efisiensi, rasio, dan rpm positif; bukan penentuan rating gearbox final.
A14: Kebutuhan daya gabungan simultan | B14: =IF(AND(ISNUMBER('04_Transmisi'!B13),ISNUMBER('04_Transmisi'!B8)),'04_Transmisi'!B13+'04_Transmisi'!B8,"") | C14: kW | D14: P masuk pencacah + P masuk mixer | E14: Gunakan kondisi beban yang relevan; cek fase cacah dan fase campur basah. Belum menghitung transien start/jam.
A15: Status putaran pengaduk | B15: =IFERROR(IF(AND('01_Input'!C22>0,'01_Input'!C24>0,'01_Input'!C25>0,'01_Input'!C26>0,'01_Input'!C29<='01_Input'!C30,'04_Transmisi'!B5>='01_Input'!C29,'04_Transmisi'!B5<='01_Input'!C30),"DALAM RENTANG UJI","PERIKSA INPUT / RENTANG"),"PERIKSA INPUT") -> DALAM RENTANG UJI | C15: status | D15: Bandingkan terhadap rentang uji input | E15: Rentang 20–40 rpm belum tervalidasi.
A16: Status kecukupan motor gabungan | B16: =IF(NOT(ISNUMBER('04_Transmisi'!B14)),"BELUM DAPAT DINILAI",IF('04_Transmisi'!B14<='01_Input'!C23,"LOLOS SCREENING DAYA SAJA","DAYA GABUNGAN MELEBIHI MOTOR")) -> BELUM DAPAT DINILAI | C16: status | D16: Kebutuhan gabungan ≤ daya motor nominal | E16: Lolos angka daya bukan bukti start, termal, poros, belt atau gearbox cukup.
A17: Batas ideal mixer jika cabang cacah NOL | B17: =IFERROR('01_Input'!C23*'01_Input'!C27*'01_Input'!C28*1000/(2*PI()*'04_Transmisi'!B5/60),"") -> 84.560812 | C17: N·m | D17: P motor × η mixer / ω mixer | E17: Batas pembanding SAJA. Pencacah yang tetap berputar tanpa bahan pun memiliki rugi; angka ini tidak berlaku saat keduanya berbeban.

Sheet 05_RAB
A1: RAB — HARGA AWAL & KOMPONEN TAMBAHAN
A2: Kuning = isian. Harga 14 item pertama disalin dari RAB kasar pengguna, bukan penawaran terbaru. Baris tambahan wajib dilengkapi sebelum total dapat dianggap lengkap.
A4: No | B4: Komponen | C4: Spesifikasi / hal yang ditentukan | D4: Opsi merek / grade | E4: Satuan | F4: Jumlah | G4: Harga satuan | H4: Subtotal | I4: Status harga
A5: 1 | B5: Plat ruang proses | C5: Grade, tebal, luas; kontak bahan basah | D5: SS304 | E5: buah | F5: 1 | G5: 250000 | H5: =IF(AND(ISNUMBER(F5),ISNUMBER(G5)),F5*G5,"") -> 250000 | I5: =IF(F5=0,"TIDAK DIPAKAI",IF(ISNUMBER(G5),"TERISI; BELUM VERIFIKASI","BELUM ADA HARGA")) -> TERISI; BELUM VERIFIKASI
A6: 2 | B6: Motor penggerak | C6: Satu motor 0,5 hp 1400 rpm; harga lama perlu dikonfirmasi | D6: TECO / YUEMA | E6: unit | F6: 1 | G6: 910000 | H6: =IF(AND(ISNUMBER(F6),ISNUMBER(G6)),F6*G6,"") -> 910000 | I6: =IF(F6=0,"TIDAK DIPAKAI",IF(ISNUMBER(G6),"TERISI; BELUM VERIFIKASI","BELUM ADA HARGA")) -> TERISI; BELUM VERIFIKASI
A7: 3 | B7: Poros | C7: Diameter, panjang, alur pasak, bubut | D7: S45C / SS304 sesuai desain | E7: buah | F7: 2 | G7: 80000 | H7: =IF(AND(ISNUMBER(F7),ISNUMBER(G7)),F7*G7,"") -> 160000 | I7: =IF(F7=0,"TIDAK DIPAKAI",IF(ISNUMBER(G7),"TERISI; BELUM VERIFIKASI","BELUM ADA HARGA")) -> TERISI; BELUM VERIFIKASI
A8: 4 | B8: Bearing duduk | C8: Nomor sesuai diameter; di luar area basah | D8: ASAHI / NTN / SKF | E8: buah | F8: 4 | G8: 35000 | H8: =IF(AND(ISNUMBER(F8),ISNUMBER(G8)),F8*G8,"") -> 140000 | I8: =IF(F8=0,"TIDAK DIPAKAI",IF(ISNUMBER(G8),"TERISI; BELUM VERIFIKASI","BELUM ADA HARGA")) -> TERISI; BELUM VERIFIKASI
A9: 5 | B9: Pulley | C9: Diameter efektif, profil alur & lubang | D9: Fabrikasi sesuai ukuran | E9: buah | F9: 3 | G9: 50000 | H9: =IF(AND(ISNUMBER(F9),ISNUMBER(G9)),F9*G9,"") -> 150000 | I9: =IF(F9=0,"TIDAK DIPAKAI",IF(ISNUMBER(G9),"TERISI; BELUM VERIFIKASI","BELUM ADA HARGA")) -> TERISI; BELUM VERIFIKASI
A10: 6 | B10: V-belt | C10: Profil, panjang dan rating daya | D10: Bando / Mitsuboshi | E10: buah | F10: 2 | G10: 25000 | H10: =IF(AND(ISNUMBER(F10),ISNUMBER(G10)),F10*G10,"") -> 50000 | I10: =IF(F10=0,"TIDAK DIPAKAI",IF(ISNUMBER(G10),"TERISI; BELUM VERIFIKASI","BELUM ADA HARGA")) -> TERISI; BELUM VERIFIKASI
A11: 7 | B11: Pisau pencacah | C11: Jumlah, geometri, pisau diam, heat treatment | D11: SKD11 sesuai rancangan | E11: set | F11: 1 | G11: 100000 | H11: =IF(AND(ISNUMBER(F11),ISNUMBER(G11)),F11*G11,"") -> 100000 | I11: =IF(F11=0,"TIDAK DIPAKAI",IF(ISNUMBER(G11),"TERISI; BELUM VERIFIKASI","BELUM ADA HARGA")) -> TERISI; BELUM VERIFIKASI
A12: 8 | B12: Bilah pengaduk | C12: Paddle, ukuran, ketebalan, sambungan | D12: SS304 | E12: set | F12: 1 | G12: 100000 | H12: =IF(AND(ISNUMBER(F12),ISNUMBER(G12)),F12*G12,"") -> 100000 | I12: =IF(F12=0,"TIDAK DIPAKAI",IF(ISNUMBER(G12),"TERISI; BELUM VERIFIKASI","BELUM ADA HARGA")) -> TERISI; BELUM VERIFIKASI
A13: 9 | B13: Rangka & dudukan | C13: Profil, tebal, panjang, motor tensioner | D13: Baja struktur | E13: paket | F13: 1 | G13: 75000 | H13: =IF(AND(ISNUMBER(F13),ISNUMBER(G13)),F13*G13,"") -> 75000 | I13: =IF(F13=0,"TIDAK DIPAKAI",IF(ISNUMBER(G13),"TERISI; BELUM VERIFIKASI","BELUM ADA HARGA")) -> TERISI; BELUM VERIFIKASI
A14: 10 | B14: Kelistrikan dasar | C14: Kabel, MCB, sakelar dan emergency stop | D14: Supreme; Schneider / LS | E14: set | F14: 1 | G14: 150000 | H14: =IF(AND(ISNUMBER(F14),ISNUMBER(G14)),F14*G14,"") -> 150000 | I14: =IF(F14=0,"TIDAK DIPAKAI",IF(ISNUMBER(G14),"TERISI; BELUM VERIFIKASI","BELUM ADA HARGA")) -> TERISI; BELUM VERIFIKASI
A15: 11 | B15: Selang & distribusi cairan | C15: Dosing tetes/gravitasi; bahan kompatibel | D15: Sesuai rancangan | E15: set | F15: 1 | G15: 40000 | H15: =IF(AND(ISNUMBER(F15),ISNUMBER(G15)),F15*G15,"") -> 40000 | I15: =IF(F15=0,"TIDAK DIPAKAI",IF(ISNUMBER(G15),"TERISI; BELUM VERIFIKASI","BELUM ADA HARGA")) -> TERISI; BELUM VERIFIKASI
A16: 12 | B16: Baut, mur, engsel | C16: Ukuran, jumlah, pengunci, area basah | D16: SS / baut grade sesuai | E16: set | F16: 1 | G16: 50000 | H16: =IF(AND(ISNUMBER(F16),ISNUMBER(G16)),F16*G16,"") -> 50000 | I16: =IF(F16=0,"TIDAK DIPAKAI",IF(ISNUMBER(G16),"TERISI; BELUM VERIFIKASI","BELUM ADA HARGA")) -> TERISI; BELUM VERIFIKASI
... A18: 14 | B18: Bahan habis pakai | C18: Las sesuai material, cakram, cat luar | D18: KOBELCO; Jotun/Nippon | E18: paket | F18: 1 | G18: 100000 | H18: =IF(AND(ISNUMBER(F18),ISNUMBER(G18)),F18*G18,"") -> 100000 | I18: =IF(F18=0,"TIDAK DIPAKAI",IF(ISNUMBER(G18),"TERISI; BELUM VERIFIKASI","BELUM ADA HARGA")) -> TERISI; BELUM VERIFIKASI
A19: 15 | B19: Gearbox pengaduk | C19: Rasio & rating torsi; cek katalog | D19: NMRV; opsi Motovario | E19: unit | F19: 1 | H19: =IF(AND(ISNUMBER(F19),ISNUMBER(G19)),F19*G19,"") | I19: =IF(F19=0,"TIDAK DIPAKAI",IF(ISNUMBER(G19),"TERISI; BELUM VERIFIKASI","BELUM ADA HARGA")) -> BELUM ADA HARGA
A20: 16 | B20: Motor kedua — tidak dipakai | C20: Revisi: satu motor bersama untuk dua cabang | D20: Tidak dipakai | E20: unit | F20: 0 | H20: =IF(AND(ISNUMBER(F20),ISNUMBER(G20)),F20*G20,"") | I20: =IF(F20=0,"TIDAK DIPAKAI",IF(ISNUMBER(G20),"TERISI; BELUM VERIFIKASI","BELUM ADA HARGA")) -> TIDAK DIPAKAI
A21: 17 | B21: Pintu antar-ruang & keluaran | C21: Slider, engsel, pengunci, handle | D21: Fabrikasi | E21: set | F21: 1 | H21: =IF(AND(ISNUMBER(F21),ISNUMBER(G21)),F21*G21,"") | I21: =IF(F21=0,"TIDAK DIPAKAI",IF(ISNUMBER(G21),"TERISI; BELUM VERIFIKASI","BELUM ADA HARGA")) -> BELUM ADA HARGA
A22: 18 | B22: Seal poros & pelindung bearing | C22: Kompatibilitas cairan dan diameter | D22: Sesuai poros | E22: set | F22: 1 | H22: =IF(AND(ISNUMBER(F22),ISNUMBER(G22)),F22*G22,"") | I22: =IF(F22=0,"TIDAK DIPAKAI",IF(ISNUMBER(G22),"TERISI; BELUM VERIFIKASI","BELUM ADA HARGA")) -> BELUM ADA HARGA
A23: 19 | B23: Kopling, pasak & pengunci | C23: Rating torsi dan diameter | D23: Sesuai rancangan | E23: set | F23: 1 | H23: =IF(AND(ISNUMBER(F23),ISNUMBER(G23)),F23*G23,"") | I23: =IF(F23=0,"TIDAK DIPAKAI",IF(ISNUMBER(G23),"TERISI; BELUM VERIFIKASI","BELUM ADA HARGA")) -> BELUM ADA HARGA
A24: 20 | B24: Guard transmisi & akses | C24: Penutup pulley/belt/pisau; interlock | D24: Fabrikasi + switch sesuai | E24: set | F24: 1 | H24: =IF(AND(ISNUMBER(F24),ISNUMBER(G24)),F24*G24,"") | I24: =IF(F24=0,"TIDAK DIPAKAI",IF(ISNUMBER(G24),"TERISI; BELUM VERIFIKASI","BELUM ADA HARGA")) -> BELUM ADA HARGA
A25: 21 | B25: Panel & proteksi motor tambahan | C25: Kontaktor, overload, enclosure, grounding | D25: Schneider / LS | E25: set | F25: 1 | H25: =IF(AND(ISNUMBER(F25),ISNUMBER(G25)),F25*G25,"") | I25: =IF(F25=0,"TIDAK DIPAKAI",IF(ISNUMBER(G25),"TERISI; BELUM VERIFIKASI","BELUM ADA HARGA")) -> BELUM ADA HARGA
A26: 22 | B26: Tangki cairan & alat takar | C26: HDPE; katup, filter; dosing manual | D26: HDPE sesuai cairan | E26: set | F26: 1 | H26: =IF(AND(ISNUMBER(F26),ISNUMBER(G26)),F26*G26,"") | I26: =IF(F26=0,"TIDAK DIPAKAI",IF(ISNUMBER(G26),"TERISI; BELUM VERIFIKASI","BELUM ADA HARGA")) -> BELUM ADA HARGA
A27: 23 | B27: Drainase & akses pembersihan | C27: Outlet cairan; mudah dibersihkan | D27: Sesuai rancangan | E27: set | F27: 1 | H27: =IF(AND(ISNUMBER(F27),ISNUMBER(G27)),F27*G27,"") | I27: =IF(F27=0,"TIDAK DIPAKAI",IF(ISNUMBER(G27),"TERISI; BELUM VERIFIKASI","BELUM ADA HARGA")) -> BELUM ADA HARGA
A28: 24 | B28: Uji coba & bahan proses | C28: Daun, cairan, EM4, bahan tambahan | D28: Sesuai rencana uji | E28: paket | F28: 1 | H28: =IF(AND(ISNUMBER(F28),ISNUMBER(G28)),F28*G28,"") | I28: =IF(F28=0,"TIDAK DIPAKAI",IF(ISNUMBER(G28),"TERISI; BELUM VERIFIKASI","BELUM ADA HARGA")) -> BELUM ADA HARGA
G30: Subtotal terisi | H30: =SUM(H5:H28) -> 2425000
G31: Cadangan | H31: =H30*'01_Input'!C33 -> 363750
G32: Total sementara | H32: =SUM(H30:H31) -> 2788750
G33: Harga belum ada | H33: =COUNTIFS(F5:F28,">0",G5:G28,"") -> 9
A35: Untuk komponen opsional yang tidak dipakai: ubah jumlah menjadi 0. Jangan mengisi harga 0 untuk menyembunyikan harga yang belum diketahui. Total sementara belum mencakup seluruh kebutuhan; cek ulang material, pekerjaan bengkel dan duplikasi paket listrik.
G38: Batas anggaran | H38: ='01_Input'!C39 -> 2500000
G39: Sisa sebelum cadangan | H39: ='01_Input'!C39-H30 -> 75000
G40: Sisa setelah cadangan | H40: ='01_Input'!C39-H32 -> -288750
A42: Harga tambahan masih kosong. Sisa anggaran bukan bukti dana cukup. Satu motor menghemat motor kedua, tetapi tetap memerlukan reducer, pembagi daya/dudukan, guard, seal dan fabrikasi. Pulley/belt lama perlu dihitung ulang.

Sheet 06_Ringkasan
A1: RINGKASAN DESAIN AWAL
A2: Angka otomatis berdasarkan input. Tidak menyatakan desain aman, motor cukup, atau mesin menghasilkan kompos matang.
A4: Indikator | B4: Nilai otomatis | C4: Satuan | D4: Makna / tindakan selanjutnya | E4: Catatan
A5: Volume ruang pengaduk | B5: =IF('02_Volume'!B5="","",'02_Volume'!B5) -> 62.831853 | C5: liter
A6: Volume kerja HASIL CACAHAN awal | B6: =IF('02_Volume'!B6="","",'02_Volume'!B6) -> 31.415927 | C6: liter/batch
A7: Massa bahan awal per batch | B7: =IF('02_Volume'!B11="","",'02_Volume'!B11) -> 1.5707963 | C7: kg/batch
A8: Waktu pengolahan mekanis | B8: =IF('03_Proses'!B5="","",'03_Proses'!B5) -> 20 | C8: menit/batch
A9: Kapasitas harian batch utuh | B9: =IF('03_Proses'!B9="","",'03_Proses'!B9) -> 14.137167 | C9: kg bahan awal/hari
A10: Cairan tambahan perkiraan | B10: =IF('03_Proses'!B11="","",'03_Proses'!B11) -> 1.5707963 | C10: liter/batch
A11: Massa setelah pembasahan | B11: =IF('03_Proses'!B13="","",'03_Proses'!B13) -> 3.1415927 | C11: kg/batch
A12: Putaran pengaduk | B12: =IF('04_Transmisi'!B5="","",'04_Transmisi'!B5) -> 28 | C12: rpm
A13: Batas torsi mixer saat pencacah berbeban | B13: =IF('04_Transmisi'!B11="","",'04_Transmisi'!B11) | C13: N·m; perlu data
A14: Status penilaian torsi | B14: =IF('04_Transmisi'!B16="","",'04_Transmisi'!B16) -> BELUM DAPAT DINILAI | C14: status
A17: Total RAB sementara + cadangan | B17: ='05_RAB'!H32 -> 2788750 | C17: rupiah; belum lengkap
A18: Komponen berjumlah >0 tanpa harga | B18: ='05_RAB'!H33 -> 9 | C18: baris belum diisi
A20: PRIORITAS: ukur densitas daun yang benar-benar diproses; tentukan fungsi pencacah atas; uji beban campuran basah; periksa kemampuan gearbox/poros; lengkapi penawaran harga. Campuran kaya karbon memerlukan rencana sumber nitrogen; EM4 bukan penggantinya.
A24: REVISI: motor bersama 0,5 hp = 0,37285 kW; putaran mixer contoh 28 rpm. Kebutuhan daya pencacah dan torsi mixer belum diketahui: motor belum dapat dinilai cukup. Dengan waktu contoh ber-overlap, 20 menit/batch dan 9 batch/hari; kapasitas bukan hasil pengujian.
